,x1,x2,y
0,-2.19373615621,1.79956649975,darkblue
1,-3.77609298441,0.891769015298,darkblue
2,-0.792583887751,1.45903814171,darkblue
3,-0.269008526688,1.1758880133,darkblue
4,-3.89002674689,0.808522329486,darkblue
5,-5.20292209113,-2.13836708564,darkblue
6,-2.94619664481,1.23877221578,darkblue
7,-3.59359979488,0.667566138206,darkblue
8,0.241178285791,0.803838766707,darkblue
9,-3.39905283353,1.65353673285,darkblue
10,-4.89028377804,0.0883033076393,darkblue
11,-3.21460991524,1.57549618207,darkblue
12,-0.855974792943,1.47661420567,darkblue
13,-1.32137162234,1.67282639036,darkblue
14,-4.70242586348,-1.01092798944,darkblue
15,-2.24134884661,1.72884898913,darkblue
16,-4.24134118927,-0.398273846481,darkblue
17,-4.09540568913,0.0603308444715,darkblue
18,-4.6468120839,-0.135578567493,darkblue
19,-0.623967918423,1.13289054341,darkblue
20,-3.25913833204,1.20180499768,darkblue
21,-4.36256785324,0.0266528663894,darkblue
22,-0.790631351499,1.12084665471,darkblue
23,-1.19204444714,1.94190249695,darkblue
24,-2.0656842815,1.81680303969,darkblue
25,-4.75722537455,-0.916185678816,darkblue
26,-5.39599062627,-1.99215730624,darkblue
27,-4.39885626886,-0.0151104638349,darkblue
28,-2.05375365115,1.90006123096,darkblue
29,-2.04631449701,1.64875182088,darkblue
30,-0.316765694538,0.738625065395,darkblue
31,-2.91027051565,1.56120902875,darkblue
32,-1.16207792817,1.71192805589,darkblue
33,-1.95218434295,1.68022504034,darkblue
34,-1.06291863799,1.58164029453,darkblue
35,-3.8406439937,1.08229142567,darkblue
36,-5.23495610023,-2.151037173,darkblue
37,-4.80253673884,-0.475541875344,darkblue
38,-2.46314458076,1.46094024671,darkblue
39,-4.12984184582,-0.129506826136,darkblue
40,-5.04441178863,-1.56798884605,darkblue
41,-0.337792856328,0.837568092884,darkblue
42,-4.68809446825,-0.175238918081,darkblue
43,-2.36188772852,1.56004166278,darkblue
44,-0.542999049029,1.55952469032,darkblue
45,-4.17947307741,-0.160537123022,darkblue
46,-0.724177312799,1.48320748266,darkblue
47,-2.62752273981,1.51774340675,darkblue
48,-1.90553433073,1.6433656879,darkblue
49,0.0664283266065,0.548007250287,darkblue
50,-0.579796890606,1.37804487232,darkblue
51,-5.02618403439,-1.49048624465,darkblue
52,-0.18838431165,0.986637111966,darkblue
53,-3.14530540828,1.68503669105,darkblue
54,-2.49012997314,1.61668558117,darkblue
55,-5.16951037384,-1.07586878538,darkblue
56,-1.55182250243,1.599946749,darkblue
57,-4.18183439435,0.303655992896,darkblue
58,-0.766244026285,1.3295737471,darkblue
59,-3.14212208541,0.782020365773,darkblue
60,-4.9302490114,-1.13140416737,darkblue
61,-5.23801740111,-0.938744105593,darkblue
62,-0.822481948904,1.4092657551,darkblue
63,-0.0647711255342,0.563145699294,darkblue
64,-0.689877387477,0.833439001083,darkblue
65,-2.20128015884,1.48405334958,darkblue
66,-2.5538402633,1.57441426123,darkblue
67,-5.09046412905,-1.52471755815,darkblue
68,-1.50912282207,1.75351890709,darkblue
69,-4.33674820236,0.0211049129174,darkblue
70,-0.566871194961,1.13413673073,darkblue
71,-1.03334755395,1.57671480477,darkblue
72,-3.05870468617,1.00765365266,darkblue
73,-0.651577105348,1.12746358632,darkblue
74,-0.489470360575,1.6950976173,darkblue
75,-4.63263790847,-1.04097812211,darkblue
76,-3.19116769768,0.867624062787,darkblue
77,-3.33251684923,1.57071315641,darkblue
78,-2.61154403146,1.71718700988,darkblue
79,-0.604778541133,1.42839041038,darkblue
80,-3.57529483806,0.75381646348,darkblue
81,-0.611562208467,1.3040973672,darkblue
82,-4.61609988134,-0.167074652815,darkblue
83,-3.95380973291,1.00689242535,darkblue
84,-1.9747316578,1.58276109515,darkblue
85,-2.38930468353,1.63118832272,darkblue
86,-4.93819105064,-1.44257056179,darkblue
87,-3.21719692936,1.29814825713,darkblue
88,-1.07406402476,1.72234779123,darkblue
89,-2.91277314431,1.35456869913,darkblue
90,-4.68373451816,-0.84807728358,darkblue
91,-0.194082890749,1.15032099104,darkblue
92,-1.86142932758,1.33435482995,darkblue
93,-5.05562208298,-2.25620980812,darkblue
94,-5.05019909537,-2.00683433894,darkblue
95,-4.79221562724,-1.5295395261,darkblue
96,-4.94863446902,0.488925997552,darkblue
97,-0.117888052032,0.522534464084,darkblue
98,-3.41113438116,1.47212859669,darkblue
99,-1.15597945353,1.82937174355,darkblue
100,-0.0902200687638,0.891758961295,darkblue
101,-4.33062224188,-0.468567497734,darkblue
102,-2.99791590435,1.52354927332,darkblue
103,-2.18694112121,1.81278120635,darkblue
104,-5.10173582897,-1.97237958601,darkblue
105,-4.68774611576,-0.789793106882,darkblue
106,-0.350650637434,1.37690142763,darkblue
107,-0.672076826083,1.5388206407,darkblue
108,0.112194241149,0.740166360051,darkblue
109,-0.394433596078,0.773995528283,darkblue
110,-2.40512170196,1.72888623326,darkblue
111,-0.133947264934,0.499098640035,darkblue
112,-2.71790998324,1.5059234414,darkblue
113,-4.60843730343,-0.41404914514,darkblue
114,-1.74553030814,1.97355091304,darkblue
115,-2.8590136295,1.53097041949,darkblue
116,-1.9986232039,1.70195729803,darkblue
117,-5.08289511808,-1.65953247989,darkblue
118,0.163549917726,0.297938710404,darkblue
119,-4.57930993089,-0.106431338419,darkblue
120,-0.633985425414,1.45171812746,darkblue
121,-0.983646913782,1.80722964578,darkblue
122,-0.509972437486,1.27027881123,darkblue
123,-4.93949788631,-1.57475244687,darkblue
124,-4.17120778807,0.409251013959,darkblue
125,-5.0028530774,-2.28041816297,darkblue
126,-1.23502819397,1.45196757592,darkblue
127,-5.11078986701,-2.2297299896,darkblue
128,-0.373380556419,1.19545556679,darkblue
129,-0.233773436177,1.54719992467,darkblue
130,-4.68072437955,0.127795892642,darkblue
131,-2.79258997794,1.63008486599,darkblue
132,-1.44293657164,1.81875144093,darkblue
133,-4.67467214498,-1.96818884439,darkblue
134,-4.54708100089,-0.785594581685,darkblue
135,-0.4163718369,1.49282403644,darkblue
136,-0.159957145069,0.729804753818,darkblue
137,0.0443954311511,0.563893961401,darkblue
138,-3.03927331963,1.50502344802,darkblue
139,-5.13880566707,-1.59757990037,darkblue
140,-0.498991145028,1.78333411304,darkblue
141,-0.167126322501,0.503631139121,darkblue
142,-4.31761388965,-0.0355490012799,darkblue
143,-4.16405797329,0.0922653707517,darkblue
144,-0.0820895279301,1.13975736863,darkblue
145,-1.21070681884,1.76031073101,darkblue
146,-5.20667662314,-1.6508207491,darkblue
147,-4.5561777271,-0.501651571638,darkblue
148,-4.24962379205,-0.76874697381,darkblue
149,-0.579594258594,1.37469247823,darkblue
150,-0.534746766543,1.87078219914,darkblue
151,-4.37273458329,0.30283235573,darkblue
152,-4.33094506332,0.197877991461,darkblue
153,-4.62219086581,-0.031010966699,darkblue
154,-4.70190477225,-0.678548808487,darkblue
155,-2.19862675221,1.57826369986,darkblue
156,-4.009759564,0.649211303841,darkblue
157,-1.02021827079,1.70281930563,darkblue
158,-4.75657361078,-2.0352126274,darkblue
159,-4.98546318266,-1.98226063475,darkblue
160,-4.53860187123,0.161802561508,darkblue
161,-5.07428641263,-1.83245623303,darkblue
162,-2.51174421914,1.59734063415,darkblue
163,-2.73529860089,1.68471840714,darkblue
164,-2.72963121152,1.28677805835,darkblue
165,-2.16095638115,1.55256678636,darkblue
166,-4.63790975745,-1.56854568462,darkblue
167,-3.68144065096,1.31616962405,darkblue
168,-1.10743144629,1.95174233042,darkblue
169,-3.45838142987,0.923125790897,darkblue
170,-4.35301857276,0.374173250161,darkblue
171,-3.41771902763,1.08114314949,darkblue
172,-4.29224919699,0.551216047985,darkblue
173,-0.181587193128,1.32499215319,darkblue
174,-0.982711266593,2.14207998563,darkblue
175,-4.2727706185,0.223272503054,darkblue
176,-2.12196111145,1.8920153453,darkblue
177,-2.58226477846,1.51883904235,darkblue
178,-1.05774640613,1.71585145898,darkblue
179,-4.83786258842,-2.05898286764,darkblue
180,-0.857463078733,1.28251083392,darkblue
181,-0.242649138482,1.09214975447,darkblue
182,-0.762524975752,1.36692601004,darkblue
183,-1.83253300185,1.25772329385,darkblue
184,-4.59748771476,0.0587259722999,darkblue
185,-3.56718733966,1.13968013413,darkblue
186,-0.750203424841,1.57464815079,darkblue
187,-1.34329908637,1.69182449753,darkblue
188,-0.642800911382,1.43971127845,darkblue
189,-1.04508949656,1.48351530677,darkblue
190,-2.39655261206,1.89150245469,darkblue
191,-2.07693120816,1.45211311944,darkblue
192,-0.343641374909,1.64330946324,darkblue
193,-3.16937026707,1.06125094564,darkblue
194,-3.22763627489,1.25328498665,darkblue
195,-3.52053457516,0.559541445501,darkblue
196,-0.37277155099,1.12909797486,darkblue
197,-0.483661030776,1.2327161479,darkblue
198,-0.222359612181,0.686042650711,darkblue
199,-3.89700518288,0.692368923185,darkblue
200,0.37759326449,2.84791311614,darkred
201,-1.13373338678,3.67363856903,darkred
202,0.486541646014,1.19788952155,darkred
203,1.16481810216,0.967883454874,darkred
204,-1.32698005792,3.87200947505,darkred
205,-4.62791989269,3.30418330033,darkred
206,-0.2203921548,3.02178427141,darkred
207,-0.993787269643,3.61123286907,darkred
208,0.987458593356,0.48870111061,darkred
209,-0.664660885784,3.68087852632,darkred
210,-2.80594199944,4.12708339986,darkred
211,-0.482660285558,3.71337946132,darkred
212,1.00051359299,1.51213783064,darkred
213,0.837567270909,1.99856848176,darkred
214,-3.18300967063,3.70765515783,darkred
215,0.475880770345,3.418072369,darkred
216,-2.19636475272,3.69807907864,darkred
217,-1.78429001123,3.71905414874,darkred
218,-2.3751134482,3.59635166795,darkred
219,0.715202330569,0.890292379485,darkred
220,-0.531225437098,3.41763531407,darkred
221,-2.2277894144,3.98853594539,darkred
222,0.767804596719,0.968787012534,darkred
223,0.820247267036,2.11169474561,darkred
224,0.528642605969,2.93179826273,darkred
225,-3.2637056292,3.82774558695,darkred
226,-4.57014922207,3.29211517416,darkred
227,-2.17422902851,3.79979601206,darkred
228,0.492580920614,2.88193918462,darkred
229,0.44807601866,2.50779829859,darkred
230,0.496039568384,0.419346859811,darkred
231,-0.175878282416,3.58848757032,darkred
232,0.936847584121,1.96988957127,darkred
233,0.640405960831,2.78997635743,darkred
234,0.925433160645,1.72888720986,darkred
235,-1.17864334414,3.77668110611,darkred
236,-4.41005424619,3.13386734299,darkred
237,-2.92743601126,3.84844110149,darkred
238,0.220207615568,2.92129314608,darkred
239,-1.87106807251,3.62566401692,darkred
240,-3.76199857044,3.36877627965,darkred
241,0.602441334938,0.51916103167,darkred
242,-2.59658812608,3.85283935424,darkred
243,0.28118134081,2.84068198992,darkred
244,0.883960624604,1.34878587715,darkred
245,-2.07963161085,3.85500088954,darkred
246,0.496724143006,1.20652786408,darkred
247,0.0880129663937,3.19158838526,darkred
248,0.613717822918,2.55893414246,darkred
249,0.971245969543,0.22821323073,darkred
250,0.737549153937,1.12840378772,darkred
251,-3.83704184906,3.5243853021,darkred
252,0.64363055711,0.666755839487,darkred
253,-0.418108080364,3.4873223541,darkred
254,0.198493908195,3.10564030963,darkred
255,-3.67777586692,3.6697953498,darkred
256,0.636250198935,1.960814814,darkred
257,-1.80499116537,3.83140476613,darkred
258,0.702283402452,1.13593444049,darkred
259,-0.427936929629,3.1536218987,darkred
260,-3.24446134513,3.41421533128,darkred
261,-3.71752533148,3.77877730629,darkred
262,0.785117369121,1.28269749203,darkred
263,0.947444239183,0.250243021831,darkred
264,0.415401739074,0.532962115513,darkred
265,0.455726264031,2.82081954219,darkred
266,0.0532751669658,2.72922537621,darkred
267,-3.71746552061,3.33217808138,darkred
268,0.671930522582,2.10578305417,darkred
269,-2.09360160059,3.80390527219,darkred
270,0.822676024474,0.909122947178,darkred
271,0.842931370812,1.62774398892,darkred
272,-0.325987892093,3.124365608,darkred
273,0.633006470486,0.867894245595,darkred
274,0.589093273218,1.39044156959,darkred
275,-3.02770721099,3.59097870616,darkred
276,-0.477108683909,3.24034829702,darkred
277,-0.598419397411,3.53884993103,darkred
278,0.104644954249,3.39687526525,darkred
279,0.924446720415,1.26211920951,darkred
280,-0.953794337073,3.61885889193,darkred
281,0.891850977878,1.12583479753,darkred
282,-2.67018522066,4.06579223247,darkred
283,-1.27352819936,3.60842416019,darkred
284,0.450413353184,2.30165994317,darkred
285,0.270212149483,2.97863573546,darkred
286,-3.57244884282,3.42087616747,darkred
287,-0.48747056654,3.14106163784,darkred
288,0.928895383463,1.88326262138,darkred
289,-0.18179315158,3.22184637904,darkred
290,-3.04360944664,3.74685339215,darkred
291,0.808625147326,0.836485677326,darkred
292,0.465436044382,1.88653198839,darkred
293,-4.49593067903,3.19535310694,darkred
294,-4.3630382835,3.36747551851,darkred
295,-3.80627479349,3.64237674449,darkred
296,-2.73595473611,4.32419410267,darkred
297,0.793761662055,0.202939845314,darkred
298,-0.6891478572,3.76585727468,darkred
299,1.02666610357,2.18357954994,darkred
300,0.840836525198,0.572908544529,darkred
301,-2.37004415254,3.74479071962,darkred
302,-0.264648462707,3.62190819331,darkred
303,0.314485978894,2.68744268215,darkred
304,-4.47987574835,3.44214117317,darkred
305,-2.97594193558,3.72706061997,darkred
306,1.00911077548,1.14126575562,darkred
307,1.04612167709,1.47715067648,darkred
308,0.569710339523,0.482146752444,darkred
309,0.285719414381,0.466190458821,darkred
310,0.175163853782,2.8024975803,darkred
311,0.342685269426,0.23519182643,darkred
312,-0.0552648080185,2.86695680565,darkred
313,-2.57135254489,3.69360464627,darkred
314,0.571984368939,2.51140442825,darkred
315,-0.126245530876,3.64611113632,darkred
316,0.634051304009,2.94374715569,darkred
317,-4.09547877745,3.51130375003,darkred
318,0.62252944422,0.0394570668559,darkred
319,-2.70857962072,4.22301493277,darkred
320,1.01373494866,1.34745578966,darkred
321,0.884600458574,1.8519152545,darkred
322,0.828014368309,1.0272898801,darkred
323,-3.76149685475,3.44918321374,darkred
324,-1.83789100067,4.0250684338,darkred
325,-4.40955179059,3.15126669048,darkred
326,0.844828176382,1.68958910325,darkred
327,-4.54470510429,3.21807821831,darkred
328,0.841789209351,0.917376419746,darkred
329,1.11096192822,1.30645299572,darkred
330,-2.41542612786,3.87127983423,darkred
331,-0.0943392544299,3.17616935892,darkred
332,0.643611938078,2.06344840766,darkred
333,-3.94548575679,3.37951559604,darkred
334,-2.60599840133,3.45365104978,darkred
335,0.838633193991,1.22495015452,darkred
336,0.563474796049,0.416833529652,darkred
337,0.823303032826,0.246325243976,darkred
338,-0.311642626262,3.31368542168,darkred
339,-4.01955729744,3.47325630028,darkred
340,1.04973683481,1.62647509647,darkred
341,0.385367926584,0.219443457913,darkred
342,-2.01968547891,3.64807302889,darkred
343,-1.73281815998,3.50135730083,darkred
344,1.10363018597,0.854850499058,darkred
345,0.516478058072,1.70439454592,darkred
346,-4.2115133139,3.51433102075,darkred
347,-2.61247793298,3.73414217821,darkred
348,-2.64050186512,3.8588439266,darkred
349,0.746465376422,1.12782200625,darkred
350,1.16761370711,1.79915220714,darkred
351,-2.2759669208,4.32300629098,darkred
352,-2.11272744056,4.02374157769,darkred
353,-2.62530063791,4.13302210439,darkred
354,-2.6740879756,3.44227773838,darkred
355,0.369893335197,2.61885282656,darkred
356,-1.59011619436,4.08449964384,darkred
357,1.0107463713,1.890722614,darkred
358,-3.89257719218,3.22313017538,darkred
359,-4.06544697727,3.2370644109,darkred
360,-2.284642259,3.9255389578,darkred
361,-4.13798044062,3.37530663567,darkred
362,0.134438879959,2.89009030577,darkred
363,-0.0461351595794,3.17669686038,darkred
364,-0.0371079475102,2.79802922681,darkred
365,0.321398044591,2.3855533056,darkred
366,-3.62869531718,3.58623621468,darkred
367,-0.983012666716,3.80833316077,darkred
368,0.767878488392,2.00200245217,darkred
369,-0.816148196586,3.70552618007,darkred
370,-2.0655361076,4.07722297381,darkred
371,-0.706275121369,3.47641221532,darkred
372,-1.88588003843,4.01586590177,darkred
373,0.987216919769,1.03643762735,darkred
374,0.908387102353,2.20499949323,darkred
375,-2.02005417173,3.98921291994,darkred
376,0.515011470285,3.1495903528,darkred
377,0.0691944808839,2.83265335182,darkred
378,0.76899672149,1.72885257511,darkred
379,-4.1155567216,3.29311714472,darkred
380,0.749469602081,1.15558348722,darkred
381,1.24598390788,0.907256909666,darkred
382,1.08334949322,1.39430646395,darkred
383,0.647583155873,2.08595037124,darkred
384,-2.34749456236,3.82948335135,darkred
385,-0.859486510496,3.56511224773,darkred
386,1.0324935697,1.55596335624,darkred
387,0.834374110254,2.03997780252,darkred
388,1.00980286384,1.33825834769,darkred
389,0.49924624577,1.32450990498,darkred
390,0.285656862851,3.34586519025,darkred
391,0.246708084676,1.99932177677,darkred
392,1.16566593094,1.46773871463,darkred
393,-0.43527370607,3.02932634863,darkred
394,-0.494629855566,3.17271367147,darkred
395,-0.933222223073,3.54562511924,darkred
396,0.731879455142,0.828517166742,darkred
397,0.844308362128,0.986460247352,darkred
398,0.574151568742,0.367482959445,darkred
399,-1.34423646318,3.78694278116,darkred
400,2.5711527766,1.14524982451,darkblue
401,2.59661611558,2.77622280841,darkblue
402,0.899943073677,-0.0404399953943,darkblue
403,1.70159418488,-0.377849109539,darkblue
404,2.60760097879,3.18408950409,darkblue
405,0.372968102153,5.52749198223,darkblue
406,2.68664382564,1.55267436513,darkblue
407,2.85540916218,2.83156254257,darkblue
408,1.08768153127,-0.315165422134,darkblue
409,2.45826458339,2.3264965324,darkblue
410,1.73391505002,4.34138051553,darkblue
411,2.73477575944,2.41638331978,darkblue
412,1.95952214762,-0.0778664609208,darkblue
413,2.19913764377,0.291743600693,darkblue
414,1.6631113012,4.75109370954,darkblue
415,3.29740593845,1.90949418274,darkblue
416,2.37366916159,3.97525399701,darkblue
417,2.53981515464,3.54693091272,darkblue
418,1.99268225869,3.49496805742,darkblue
419,1.17469128219,-0.390762158097,darkblue
420,2.75169635484,2.16310860593,darkblue
421,2.27069119826,4.1207051254,darkblue
422,1.41533505782,-0.45688792988,darkblue
423,1.97343752483,0.453895125637,darkblue
424,2.79142023796,1.24254288399,darkblue
425,1.59141923345,4.90628517931,darkblue
426,0.419085688574,5.21905177884,darkblue
427,2.24189051286,3.7806655459,darkblue
428,2.61607945778,1.16768773577,darkblue
429,2.43922734922,0.777115983906,darkblue
430,0.625939162936,-0.444202249001,darkblue
431,2.94699255175,2.23407370321,darkblue
432,2.20971156578,0.28114751467,darkblue
433,2.89777394521,1.0996029513,darkblue
434,2.04712862926,0.080547498244,darkblue
435,2.4857668916,2.81851575893,darkblue
436,0.579258248244,5.06193363975,darkblue
437,1.75479345601,4.38654772516,darkblue
438,2.82658642308,1.32761842645,darkblue
439,2.51039215978,3.54709396935,darkblue
440,1.15457205003,4.7265564174,darkblue
441,0.796809826816,-0.454309194081,darkblue
442,1.93758315728,4.05558086591,darkblue
443,2.71178293189,1.1920371955,darkblue
444,1.41493529565,0.00763314301644,darkblue
445,2.44784705117,4.04425384186,darkblue
446,0.867563292514,0.0108563785513,darkblue
447,2.89537309289,1.67678796807,darkblue
448,2.6662494403,0.83498200614,darkblue
449,1.1467050461,-0.715278843624,darkblue
450,1.18002665511,-0.137271894736,darkblue
451,1.10053539981,5.00199373427,darkblue
452,0.782612683329,-0.213730809426,darkblue
453,2.50631575267,2.02664301851,darkblue
454,2.8322784688,1.5217010914,darkblue
455,1.17795708544,4.75074743869,darkblue
456,2.04280746132,0.246322301791,darkblue
457,2.4385505049,3.53687253564,darkblue
458,1.26885055813,-0.232667272249,darkblue
459,2.98302282344,1.98886936969,darkblue
460,1.53505444977,4.22709013624,darkblue
461,1.12821408893,4.82075325368,darkblue
462,1.479305697,-0.172808488016,darkblue
463,1.18257025395,-0.782812536846,darkblue
464,0.707820686197,-0.574476129138,darkblue
465,2.94190295719,1.18816757828,darkblue
466,2.35692864424,1.0488027405,darkblue
467,1.17522879097,4.57157422688,darkblue
468,2.06752689512,0.393067524233,darkblue
469,2.30397290886,3.75268351028,darkblue
470,1.32258198144,-0.406767136386,darkblue
471,1.82526340301,0.0283533675705,darkblue
472,2.87349683076,1.81611942065,darkblue
473,1.05050461529,-0.374372434722,darkblue
474,0.864535213381,0.304050039275,darkblue
475,1.78615042025,4.51704636496,darkblue
476,2.934760286,2.07626636085,darkblue
477,2.47308577344,2.15512046864,darkblue
478,2.91739214669,1.88443072983,darkblue
479,1.54506426731,-0.145364315539,darkblue
480,2.83815543937,2.78109407627,darkblue
481,1.48917765717,-0.265290499065,darkblue
482,1.96854236318,4.49701414536,darkblue
483,2.31960513853,2.58799813026,darkblue
484,2.28557052381,0.56087217981,darkblue
485,2.76689425569,1.34915030265,darkblue
486,1.32229067859,4.66983208511,darkblue
487,2.47340241954,1.69850595262,darkblue
488,2.06973141834,0.229106306189,darkblue
489,2.8008067515,1.79038716806,darkblue
490,1.75577978293,4.62392875271,darkblue
491,1.03818981208,-0.188802613086,darkblue
492,2.10706817696,0.147496044304,darkblue
493,0.505106997712,5.43642759037,darkblue
494,0.634830986789,5.45953172767,darkblue
495,1.16570649996,5.37448507113,darkblue
496,1.6918247397,4.32559129609,darkblue
497,0.972809460331,-0.746369275824,darkblue
498,2.65827270931,2.55541213517,darkblue
499,2.42474184066,0.47045695323,darkblue
500,1.03023226125,-0.392835326586,darkblue
501,2.25912014361,4.15355939683,darkblue
502,2.91921738908,2.3040086135,darkblue
503,2.3226785867,0.958474005644,darkblue
504,0.520166818721,5.61085492535,darkblue
505,1.79167022714,4.50302157705,darkblue
506,1.48492500394,-0.154140007048,darkblue
507,1.85181317301,-0.0416878581221,darkblue
508,0.575016853849,-0.0430836151912,darkblue
509,0.359228910042,-0.276741861427,darkblue
510,2.39508133198,1.10471041353,darkblue
511,0.352451531792,-0.309537463398,darkblue
512,2.45474724843,1.24155512476,darkblue
513,2.0045223677,3.98326439141,darkblue
514,2.19653651516,0.773304601854,darkblue
515,3.07190411179,2.33703489867,darkblue
516,3.02581012086,1.28467908078,darkblue
517,0.876304926781,5.2415942299,darkblue
518,0.628167537741,-0.487271684678,darkblue
519,1.97619598954,4.76763809613,darkblue
520,1.74730130251,-0.131643081526,darkblue
521,1.85742301708,0.256308373843,darkblue
522,1.28657318401,-0.252935149208,darkblue
523,1.1783595701,4.94097222503,darkblue
524,2.46015713405,3.81226553075,darkblue
525,0.591075921253,5.35329513073,darkblue
526,2.09054264072,0.00719141396883,darkblue
527,0.456277580059,5.45173853705,darkblue
528,1.20855048663,-0.274031040842,darkblue
529,1.57483665407,0.0215045443071,darkblue
530,1.95917519006,3.78121597191,darkblue
531,2.5937345546,1.61245793305,darkblue
532,1.89879998235,0.378792875373,darkblue
533,1.05035533465,5.42187387998,darkblue
534,2.03583730818,3.89224702345,darkblue
535,1.23415012269,0.00414697493406,darkblue
536,0.654149735827,-0.366162521348,darkblue
537,0.937734256926,-0.587012884988,darkblue
538,2.61851993647,1.85581893591,darkblue
539,0.931539855574,5.03937687937,darkblue
540,1.68825693157,0.206807814088,darkblue
541,0.415501299758,-0.401124437843,darkblue
542,2.31938898252,3.4998196642,darkblue
543,2.43516196196,3.10038782485,darkblue
544,1.44975345615,-0.314466329731,darkblue
545,1.33164565975,0.180650472926,darkblue
546,0.759220987815,5.23507019896,darkblue
547,2.02767695663,4.1687456541,darkblue
548,2.17167037642,4.7790989103,darkblue
549,1.19569909375,-0.1440145606,darkblue
550,1.95676055118,0.28904979456,darkblue
551,2.25398966601,4.51723919705,darkblue
552,2.30967642791,4.01564055837,darkblue
553,1.97930289781,4.485680974,darkblue
554,1.90856089689,3.74655015169,darkblue
555,2.55532999753,0.914743744094,darkblue
556,2.59475246223,3.70667118762,darkblue
557,2.18895773086,0.22580729395,darkblue
558,1.09327946613,5.10405872948,darkblue
559,0.914629205568,5.04996952796,darkblue
560,2.10182887945,3.85542087265,darkblue
561,0.840227486562,5.16832331254,darkblue
562,2.57708448587,1.2448033547,darkblue
563,2.59053780348,1.5938022319,darkblue
564,2.61793558788,1.22186126413,darkblue
565,2.28396274414,0.652264571335,darkblue
566,1.34008397871,5.28962182119,darkblue
567,2.52447825859,2.71750774449,darkblue
568,1.74905999796,0.403066469643,darkblue
569,2.91459784058,2.80848527191,darkblue
570,2.28514025714,3.9477299101,darkblue
571,2.72381069166,2.32586744448,darkblue
572,2.31777932945,3.66421400646,darkblue
573,1.32172342646,-0.120053689386,darkblue
574,1.90842617881,0.598720018472,darkblue
575,2.36770412182,3.92127345795,darkblue
576,2.92258966482,1.49469261168,darkblue
577,2.53272067842,1.19332943086,darkblue
578,1.69362758214,0.153347178468,darkblue
579,0.880650786098,5.34363192093,darkblue
580,1.44301363582,-0.299524709882,darkblue
581,1.83017853048,-0.474383547799,darkblue
582,2.02999889635,-0.190577491417,darkblue
583,2.60490692386,0.352220313008,darkblue
584,2.0430736956,3.76631081255,darkblue
585,2.59484972961,2.43289060062,darkblue
586,1.90766056023,0.0027600744471,darkblue
587,2.2247203151,0.328134145593,darkblue
588,1.74824393613,-0.143664969418,darkblue
589,1.13371139965,-0.0924267807343,darkblue
590,2.88627667561,1.75018501448,darkblue
591,1.88242432951,0.260595448603,darkblue
592,1.76827085541,0.0728548713383,darkblue
593,2.63617786998,1.6455669719,darkblue
594,2.5341473559,1.76557502604,darkblue
595,2.94645827225,2.79798873167,darkblue
596,1.02389434249,-0.278429070944,darkblue
597,1.29502919287,-0.286722932626,darkblue
598,0.696526373945,-0.481595803267,darkblue
599,2.61212747156,3.12346714891,darkblue
600,2.19338286802,-1.60576008351,darkred
601,3.68460602031,-0.903062505936,darkred
602,0.0342189675751,-1.01762089219,darkred
603,0.804543638765,-1.51557711553,darkred
604,3.97913532653,-0.567317612426,darkred
605,4.79885389856,2.30825027817,darkred
606,2.86787531607,-1.69944759679,darkred
607,4.10479306876,-0.891774514794,darkred
608,0.441624161618,-0.803894298781,darkred
609,2.84679810482,-1.05522725499,darkred
610,4.18943032088,0.516897538982,darkred
611,3.22026217475,-1.018496101,darkred
612,1.06204231631,-1.70339437746,darkred
613,1.40176912339,-1.74082337178,darkred
614,4.98981608018,1.07594911397,darkred
615,3.40170148961,-1.28830738339,darkred
616,4.89872663933,0.156075990247,darkred
617,4.5528046426,-0.283915627561,darkred
618,4.08877932989,-0.338345788554,darkred
619,0.295009984825,-1.42921853175,darkred
620,3.30670525183,-1.3072484186,darkred
621,4.63439337208,0.290991226414,darkred
622,0.504429570697,-1.73050323012,darkred
623,1.11433606845,-1.373696743,darkred
624,2.45987098248,-1.5617077178,darkred
625,4.95302435073,1.24089350589,darkred
626,4.58247919503,1.86171590311,darkred
627,4.43338281386,-0.0533713961438,darkred
628,2.19324342319,-1.52844166674,darkred
629,1.93598816411,-1.81261280848,darkred
630,-0.0569665054358,-0.98847315223,darkred
631,3.33547115268,-1.14761870547,darkred
632,1.38365003516,-1.66555605731,darkred
633,2.5625516258,-1.70052177193,darkred
634,1.18047229924,-1.71503912869,darkred
635,3.48817647778,-0.834039268695,darkred
636,4.74366888864,1.70509542053,darkred
637,4.56192219568,0.600671372004,darkred
638,2.74961303427,-1.72640919255,darkred
639,4.63307861876,-0.286646921261,darkred
640,4.78872945231,1.14757142945,darkred
641,0.0509441274263,-1.10937235862,darkred
642,4.38024809846,0.230244105243,darkred
643,2.49931545364,-1.73724792607,darkred
644,0.518950293062,-1.12278077794,darkred
645,4.87548424663,0.21796878162,darkred
646,0.0175009862167,-0.908135488406,darkred
647,2.98719751318,-1.51185742765,darkred
648,2.19952890403,-1.80453858474,darkred
649,0.417346479713,-1.33897689842,darkred
650,0.305158111746,-1.15330649258,darkred
651,4.84897046334,1.46473061968,darkred
652,0.0895799407873,-0.774336185859,darkred
653,2.70354225779,-1.23632198012,darkred
654,2.77743914806,-1.55119285529,darkred
655,4.54195553087,1.08603539241,darkred
656,1.26129202234,-1.82903827542,darkred
657,4.3052489462,-0.285408468085,darkred
658,0.366890285073,-1.40762967839,darkred
659,3.67979742072,-1.54748469226,darkred
660,4.62878257841,0.494345442542,darkred
661,4.4534614397,1.14520778918,darkred
662,0.565894706862,-1.501746205,darkred
663,0.405480903992,-1.50296541806,darkred
664,-0.105039493232,-1.38143748822,darkred
665,2.77107322749,-1.78125057825,darkred
666,2.05346669125,-1.7864310102,darkred
667,4.69492449411,0.954074732845,darkred
668,1.28206992301,-1.67191215278,darkred
669,4.45840081655,-0.081338610899,darkred
670,0.432940718963,-1.4976434364,darkred
671,0.93131651044,-1.62206643794,darkred
672,3.34026475954,-1.60883872204,darkred
673,0.183419184267,-1.35706977432,darkred
674,0.0614135197513,-0.477685443333,darkred
675,4.99507735402,0.811157195496,darkred
676,3.63257024214,-1.46053980956,darkred
677,2.81049349247,-1.19674576836,darkred
678,3.01395035343,-1.30770206096,darkred
679,0.636456552664,-1.38657663971,darkred
680,4.00860471484,-0.921713167843,darkred
681,0.583091150119,-1.47815322599,darkred
682,4.66135528633,0.695369172971,darkred
683,3.23245694288,-1.0339596345,darkred
684,1.69558268346,-1.89881443157,darkred
685,2.60405952888,-1.62778254291,darkred
686,4.85128799217,1.05534127348,darkred
687,2.7045490428,-1.58696311332,darkred
688,1.20760804498,-1.58596483916,darkred
689,3.05242666186,-1.50834972283,darkred
690,4.91504394099,0.906073437527,darkred
691,0.265046438758,-0.900255589779,darkred
692,1.42183493757,-2.14371705822,darkred
693,4.94645327051,2.22593915875,darkred
694,4.94553944521,2.17727807938,darkred
695,5.15174695966,1.93467712718,darkred
696,3.9069244826,0.491720384391,darkred
697,0.24020754452,-1.37608377819,darkred
698,3.28370675186,-0.948761682328,darkred
699,1.64017202066,-1.59687344986,darkred
700,0.288571403343,-1.03972878093,darkred
701,4.92770635041,0.348969856681,darkred
702,3.36981579922,-1.1122498863,darkred
703,1.82944409441,-1.64515614667,darkred
704,4.89834930518,2.36504791835,darkred
705,4.84747820968,0.762128807283,darkred
706,0.600977819486,-1.21391009771,darkred
707,0.939306165753,-1.4988564285,darkred
708,0.1228072698,-0.310294375221,darkred
709,-0.247414604755,-0.711869112214,darkred
710,2.03471325444,-1.66668810029,darkred
711,-0.114414740201,-0.590359939622,darkred
712,2.30211412966,-1.74487992037,darkred
713,4.54331252174,0.165270345144,darkred
714,1.50357398431,-1.50264873974,darkred
715,3.53728565583,-1.0871820558,darkred
716,2.7848944298,-1.61617885179,darkred
717,4.86067229039,1.80104847984,darkred
718,0.17482610477,-0.755518792664,darkred
719,4.79024128963,0.982814988295,darkred
720,0.833147282274,-1.50647961491,darkred
721,0.961998203237,-1.38398411553,darkred
722,0.407145193916,-1.29017124739,darkred
723,4.94021496338,1.4088255757,darkred
724,4.42488848138,-0.016354792127,darkred
725,4.99840234628,2.12363871753,darkred
726,1.2564007347,-1.91282780265,darkred
727,4.89117550169,2.23759064789,darkred
728,0.36014199815,-1.18735935439,darkred
729,0.693976015518,-1.02269697816,darkred
730,4.06847825629,-0.0523318319933,darkred
731,2.58355764012,-1.49733798575,darkred
732,1.0674395169,-1.55055962364,darkred
733,5.3170100379,2.1165277235,darkred
734,4.73659041813,0.0915973656561,darkred
735,0.374662020494,-0.948782322737,darkred
736,0.0213927344873,-0.836187348183,darkred
737,0.273257879351,-1.10278229653,darkred
738,2.82105180583,-1.41070952352,darkred
739,4.76338863896,1.5346612578,darkred
740,0.77804904848,-1.05600045172,darkred
741,-0.106859576153,-0.737504652392,darkred
742,4.36053503322,-0.332055730663,darkred
743,4.17190227059,-0.709673581205,darkred
744,0.610157012445,-1.19887628895,darkred
745,0.419628384517,-1.28717741497,darkred
746,4.73479198029,1.79065760732,darkred
747,4.72413205214,0.367555380141,darkred
748,5.37472069104,1.07176299358,darkred
749,0.318873176057,-1.16898065546,darkred
750,1.04354692161,-1.14942262602,darkred
751,4.68717859032,0.691298167873,darkred
752,4.51386267362,0.181675952826,darkred
753,4.58701620562,0.674306772522,darkred
754,4.46339297275,-0.0700039818557,darkred
755,2.17224657246,-1.82995446508,darkred
756,4.35997774917,-0.106445608587,darkred
757,1.33620444832,-1.62701133448,darkred
758,5.21513970584,1.72664448081,darkred
759,4.97468918301,1.64354959937,darkred
760,4.23434040567,0.0215663912101,darkred
761,4.88212944173,1.75357712072,darkred
762,2.37354699268,-1.69323326799,darkred
763,2.53804732523,-1.48107084982,darkred
764,2.58045585926,-1.86555786701,darkred
765,1.76417301794,-1.91401068218,darkred
766,5.29964883434,1.83822552841,darkred
767,3.33354119965,-0.865481208503,darkred
768,0.854931572856,-1.24612963463,darkred
769,4.00311064446,-0.870956025428,darkred
770,4.34833415672,0.115187122734,darkred
771,3.44245259844,-1.21994639219,darkred
772,4.11506953876,-0.152087742626,darkred
773,0.487425820263,-0.987990480283,darkred
774,1.01736688631,-1.07047896389,darkred
775,4.50274596859,0.0873935790807,darkred
776,2.69319527761,-1.41778013694,darkred
777,2.3447876166,-1.75980879957,darkred
778,0.791515315177,-1.4351593343,darkred
779,5.15455242699,2.04204668479,darkred
780,0.529624988737,-1.62770556029,darkred
781,0.925740106719,-1.67113116046,darkred
782,1.13077383052,-1.8028419007,darkred
783,2.08211453412,-2.20973682261,darkred
784,4.18364880116,-0.0676191052926,darkred
785,3.34148514056,-1.12476316008,darkred
786,1.00013055622,-1.5317584128,darkred
787,1.43739332332,-1.73186281632,darkred
788,0.8340812332,-1.52413535578,darkred
789,0.223840811206,-1.35035806467,darkred
790,2.80468701346,-1.29985789684,darkred
791,1.19450128151,-2.02533953689,darkred
792,0.861568474021,-1.14645822334,darkred
793,2.97353288503,-1.70626780782,darkred
794,2.82991814805,-1.56099230421,darkred
795,4.23882641549,-0.935731329625,darkred
796,0.211258223698,-1.08479450051,darkred
797,0.417780630714,-1.31365021206,darkred
798,0.0223899982251,-1.01211487471,darkred
799,4.01572268661,-0.634582341316,darkred
800,-0.377946552681,-2.6541066999,darkblue
801,1.04224642268,-3.68493205966,darkblue
802,-1.24490656619,-0.756472272028,darkblue
803,-0.62928299008,-1.30757255711,darkblue
804,1.41608863756,-3.63080475799,darkblue
805,4.22385170012,-3.1343001078,darkblue
806,0.142070826053,-3.48245965242,darkblue
807,1.50498054352,-3.83544124566,darkblue
808,-0.304656145948,-0.488756642683,darkblue
809,0.11240615707,-3.08256904846,darkblue
810,2.10508854228,-3.52188255323,darkblue
811,0.488312545076,-3.15637938025,darkblue
812,-0.79444606962,-1.73891800243,darkblue
813,-0.757169769865,-2.06656546319,darkblue
814,3.47039988733,-3.6426340333,darkblue
815,0.684471872656,-2.97753076326,darkblue
816,2.85375020278,-3.94027693488,darkblue
817,2.2416889647,-3.94263893183,darkblue
818,1.8170806942,-4.070276024,darkblue
819,-1.04416026417,-1.18662036783,darkblue
820,0.57879235689,-3.52307873499,darkblue
821,2.49961493324,-3.67089185259,darkblue
822,-1.05400637752,-1.57844358795,darkblue
823,-0.897955645727,-1.54348899166,darkblue
824,-0.134455904988,-2.67670294085,darkblue
825,3.45950460538,-3.50303775988,darkblue
826,3.75663779084,-3.4225565773,darkblue
827,2.2087555735,-3.86827787203,darkblue
828,-0.353091148574,-2.5103196204,darkblue
829,-0.558402351565,-2.67165928618,darkblue
830,-0.869771768359,-0.669194946647,darkblue
831,0.601078919441,-3.17489724704,darkblue
832,-0.715275477126,-1.92351757269,darkblue
833,-0.0300386779776,-2.81027308902,darkblue
834,-0.807879499388,-1.86228604402,darkblue
835,0.82617582823,-3.52842894914,darkblue
836,3.9187670346,-3.57980909545,darkblue
837,2.6868214681,-3.72331160483,darkblue
838,0.0662608379431,-3.18676209193,darkblue
839,2.37430484545,-4.04181776431,darkblue
840,3.50631623412,-3.78919369625,darkblue
841,-0.88929006384,-0.790965297402,darkblue
842,2.28874175628,-3.79783416708,darkblue
843,-0.143753615692,-3.01788825321,darkblue
844,-0.908009380572,-0.912041964766,darkblue
845,2.77564278007,-3.79756923094,darkblue
846,-1.20340046959,-0.631455869832,darkblue
847,0.271661806978,-3.18570240616,darkblue
848,-0.319723249624,-2.7201070393,darkblue
849,-0.487471163223,-1.01918287886,darkblue
850,-1.0121879328,-0.903665407978,darkblue
851,3.65982827801,-3.55014092707,darkblue
852,-0.742434927973,-0.45445491338,darkblue
853,-0.023655070134,-3.03860764317,darkblue
854,0.0888152667161,-3.04014758375,darkblue
855,3.05022102395,-3.65962874278,darkblue
856,-0.926780679018,-2.18990634042,darkblue
857,1.92840571722,-3.81315724131,darkblue
858,-1.10163714366,-1.21399037179,darkblue
859,0.965612264933,-3.91908622519,darkblue
860,2.94299491215,-4.05127405611,darkblue
861,2.93296937006,-3.57231362271,darkblue
862,-1.04170461116,-1.37517794193,darkblue
863,-0.606734460725,-1.1900627406,darkblue
864,-1.21031861978,-1.08096060265,darkblue
865,0.114066804618,-3.11801677087,darkblue
866,-0.553648739009,-2.94124212518,darkblue
867,3.32192588568,-3.90282090668,darkblue
868,-0.898983421636,-2.02417629986,darkblue
869,2.21525421478,-3.86413897017,darkblue
870,-0.956606500472,-1.27262965285,darkblue
871,-0.944962414324,-1.6730956221,darkblue
872,0.60754796546,-3.72555067738,darkblue
873,-1.10116439157,-1.09750043359,darkblue
874,-1.01715011404,-0.173029395623,darkblue
875,3.39014665654,-3.82079963277,darkblue
876,0.918511228371,-3.8332640438,darkblue
877,0.0763960406565,-3.16488254298,darkblue
878,0.297761367721,-2.98739031633,darkblue
879,-0.892768708885,-1.22030543884,darkblue
880,1.38710421386,-3.78675559629,darkblue
881,-0.920322036225,-1.29989065632,darkblue
882,2.71544062565,-3.53749771231,darkblue
883,0.552175409335,-3.63549136934,darkblue
884,-0.729562327524,-2.61771327959,darkblue
885,-0.0554573041332,-2.97522995565,darkblue
886,3.48554578435,-3.80810545578,darkblue
887,-0.02517732002,-3.42987649403,darkblue
888,-0.795351363242,-1.74687966932,darkblue
889,0.321446669127,-3.37562740273,darkblue
890,3.27491886947,-3.68885723821,darkblue
891,-0.737661599318,-0.586420276061,darkblue
892,-0.905030434387,-2.69589421666,darkblue
893,4.38676186657,-3.22562375631,darkblue
894,4.25837863334,-3.19703177806,darkblue
895,4.16580612591,-3.23723914341,darkblue
896,1.69424474969,-3.34354772073,darkblue
897,-0.671442169568,-1.05648915942,darkblue
898,0.561720227904,-3.24249036032,darkblue
899,-0.542473536432,-1.95108125625,darkblue
900,-0.642485190618,-0.720878364168,darkblue
901,2.96712826107,-3.86438836068,darkblue
902,0.636548357576,-3.21060880628,darkblue
903,-0.671983005701,-2.51981762247,darkblue
904,4.27648922456,-3.04947284083,darkblue
905,3.1356740295,-3.75472491957,darkblue
906,-0.758783593426,-0.978274425706,darkblue
907,-0.778892337417,-1.43718646428,darkblue
908,-0.334708828574,-0.0522747676143,darkblue
909,-0.927567615213,-0.404064042752,darkblue
910,-0.545572301304,-2.74029944733,darkblue
911,-0.591047274561,-0.326453126016,darkblue
912,-0.360531045565,-3.10591328462,darkblue
913,2.50622776319,-3.94238344627,darkblue
914,-0.813940692775,-2.04050225495,darkblue
915,0.804517557207,-3.20232277263,darkblue
916,0.152219921896,-2.85796870946,darkblue
917,3.87325594976,-3.36978775008,darkblue
918,-0.284153421724,-0.497037149116,darkblue
919,2.91951097945,-3.3466312829,darkblue
920,-0.814573091803,-1.40221727711,darkblue
921,-0.90624916912,-1.42866972424,darkblue
922,-0.930841611879,-1.04718231626,darkblue
923,3.76221393182,-3.6151100849,darkblue
924,2.09157169398,-3.63217221196,darkblue
925,4.40510105947,-3.30804613592,darkblue
926,-0.823455635658,-2.15044932998,darkblue
927,4.32509073897,-3.21021756002,darkblue
928,-0.85502776762,-0.909280207347,darkblue
929,-0.650759348884,-0.781950049208,darkblue
930,1.8031800046,-3.79581577358,darkblue
931,-0.114693083384,-3.04342247869,darkblue
932,-1.01910899282,-1.79525659036,darkblue
933,4.58782364971,-3.23117671693,darkblue
934,2.79550781857,-4.14764826581,darkblue
935,-0.880343010397,-0.680908440822,darkblue
936,-0.702039206631,-0.523216124017,darkblue
937,-0.505649722324,-0.785213579102,darkblue
938,0.0934211124573,-3.21937149718,darkblue
939,3.64414026933,-3.53617494286,darkblue
940,-0.770678931359,-0.899141435144,darkblue
941,-0.659353825238,-0.453316971184,darkblue
942,2.06260662249,-4.01567776083,darkblue
943,1.74066245728,-4.11876551128,darkblue
944,-0.575562701452,-0.913969419377,darkblue
945,-1.3075564924,-1.23126122987,darkblue
946,3.73962867105,-3.37449416253,darkblue
947,2.78043225802,-3.86823836971,darkblue
948,3.76559876411,-3.55582790683,darkblue
949,-1.00718645896,-0.92211018348,darkblue
950,-0.658813552035,-1.07779263402,darkblue
951,2.59041092783,-3.32887576738,darkblue
952,2.29564505086,-3.6441876334,darkblue
953,2.59012597772,-3.48972629857,darkblue
954,2.4355761761,-4.19083052872,darkblue
955,-0.396273514948,-2.87054359179,darkblue
956,1.94033437952,-3.54173394859,darkblue
957,-0.694760193774,-1.81491464285,darkblue
958,4.35114328725,-3.53169832197,darkblue
959,4.05467297762,-3.57577544628,darkblue
960,1.98038079344,-3.74217000508,darkblue
961,3.94582346973,-3.45418574798,darkblue
962,-0.272636106414,-2.98598293961,darkblue
963,-0.15111611608,-2.97304930306,darkblue
964,-0.112067404742,-3.37680903547,darkblue
965,-0.718181407797,-2.74699720142,darkblue
966,4.29043439407,-3.31655637089,darkblue
967,0.635113215408,-3.35764474522,darkblue
968,-1.02037836183,-1.29638975638,darkblue
969,1.36087741117,-3.6533564146,darkblue
970,2.06085169156,-3.58786260092,darkblue
971,0.731008692186,-3.61521545802,darkblue
972,1.7087003802,-3.61673759641,darkblue
973,-0.681378292633,-0.699435954445,darkblue
974,-0.873731482634,-1.1333984715,darkblue
975,2.25002952182,-3.6785468378,darkblue
976,0.056222695871,-2.67535514444,darkblue
977,-0.306671642746,-3.07362310904,darkblue
978,-1.03522781244,-1.44816045043,darkblue
979,4.43224656017,-3.31005332757,darkblue
980,-1.07730769208,-1.5007782136,darkblue
981,-0.562892939643,-1.48623831565,darkblue
982,-0.715100638443,-1.83022235461,darkblue
983,-0.398001623605,-3.0379639,darkblue
984,1.93365564876,-3.83837648434,darkblue
985,0.633784311393,-3.55019527367,darkblue
986,-0.782566438323,-1.51307361826,darkblue
987,-0.740279873305,-2.08001612131,darkblue
988,-0.818522542025,-1.42268242502,darkblue
989,-1.32049493112,-1.19135266289,darkblue
990,0.122477538551,-2.75422063239,darkblue
991,-1.12913801133,-2.57254819422,darkblue
992,-0.647738831831,-0.970887474726,darkblue
993,0.239436324033,-3.67434321081,darkblue
994,0.0969117287312,-3.48042098903,darkblue
995,1.6515140634,-3.92181500336,darkblue
996,-0.893392782434,-0.784213692391,darkblue
997,-0.91018876219,-1.06739431151,darkblue
998,-0.774121182698,-0.693555183444,darkblue
999,1.46295396692,-3.72915619929,darkblue
1000,-2.57150606479,-0.951443408269,darkred
1001,-2.68810307968,-2.78751629905,darkred
1002,-1.65830799385,0.48185724492,darkred
1003,-1.16605907281,0.0381600073036,darkred
1004,-2.51849239915,-2.94288478703,darkred
1005,-0.77703629473,-5.3576087897,darkred
1006,-2.76496515439,-2.01334974614,darkred
1007,-2.34421588829,-3.05577091916,darkred
1008,-0.404879083861,0.315109890061,darkred
1009,-3.01051931211,-1.72818705455,darkred
1010,-2.43476850718,-3.73617966891,darkred
1011,-2.72912349992,-1.85938323872,darkred
1012,-1.75345462425,-0.148913710868,darkred
1013,-2.11874014273,-0.359740582118,darkred
1014,-1.3757210845,-4.68607258501,darkred
1015,-2.13705329545,-1.468952577,darkred
1016,-1.71628371153,-4.21745185324,darkred
1017,-2.08241620117,-3.77051569581,darkred
1018,-2.5507150127,-3.96889241347,darkred
1019,-1.50364921579,0.0944341697554,darkred
1020,-2.70412943505,-2.26855202685,darkred
1021,-1.99886567942,-3.8030610326,darkred
1022,-1.70153683862,-0.152768645536,darkred
1023,-2.05114590352,0.114310628314,darkred
1024,-2.39723353698,-0.987447562104,darkred
1025,-1.39562025727,-4.58157735224,darkred
1026,-1.23259711981,-5.34949318197,darkred
1027,-2.20736396786,-3.84914740588,darkred
1028,-2.47658968574,-0.796068171555,darkred
1029,-2.54955368213,-0.940976971504,darkred
1030,-0.99967136291,0.194354162166,darkred
1031,-2.52179191472,-1.82048337993,darkred
1032,-1.98813945879,-0.234775516095,darkred
1033,-2.28740666236,-1.11989968289,darkred
1034,-1.929574968,-0.213946332404,darkred
1035,-2.83823440751,-2.57026360196,darkred
1036,-1.07054545984,-5.50787539221,darkred
1037,-1.99540799916,-4.2614182285,darkred
1038,-2.54011796957,-1.5930873723,darkred
1039,-2.00715538684,-3.96324771675,darkred
1040,-1.41025438635,-5.146973834,darkred
1041,-1.08365855572,0.182504928348,darkred
1042,-2.24542952707,-4.00057567874,darkred
1043,-2.57435520677,-1.36924345879,darkred
1044,-1.43898405162,0.429110769363,darkred
1045,-1.75183588195,-3.98682218326,darkred
1046,-1.5742396191,0.5642156157,darkred
1047,-2.53569831952,-1.67090198897,darkred
1048,-2.372254867,-0.996154902984,darkred
1049,-0.662930239776,-0.0756908045097,darkred
1050,-1.45466543397,0.362010274473,darkred
1051,-1.27774897086,-5.02774935924,darkred
1052,-0.881417054192,0.426031735532,darkred
1053,-2.94807890317,-1.57792830758,darkred
1054,-2.54496929388,-1.45620836552,darkred
1055,-1.80551192841,-4.74058083167,darkred
1056,-2.3333379414,-0.475413828209,darkred
1057,-2.31513595305,-3.51862501082,darkred
1058,-1.66820429934,0.154611340957,darkred
1059,-2.44534748813,-2.75433369618,darkred
1060,-1.83652088276,-4.86414886107,darkred
1061,-1.91277005034,-4.61428957009,darkred
1062,-1.73589293905,0.0803280381192,darkred
1063,-0.841860475488,-0.15700718192,darkred
1064,-1.50273756691,0.0264776420013,darkred
1065,-2.37210988854,-1.48536480696,darkred
1066,-2.85730221629,-1.26081948946,darkred
1067,-1.5707684259,-5.14221705218,darkred
1068,-2.29457979418,-0.31146076993,darkred
1069,-2.18232029467,-3.81291720826,darkred
1070,-1.45651245743,0.0432604307132,darkred
1071,-1.92729444652,-0.073705000743,darkred
1072,-2.59193675739,-2.41730449002,darkred
1073,-1.51866253637,0.144766246723,darkred
1074,-1.29259205421,0.913362134695,darkred
1075,-1.4237109747,-4.74686729157,darkred
1076,-2.49335774154,-2.66918210763,darkred
1077,-2.99510913019,-1.7811530806,darkred
1078,-2.51498582472,-1.47494578091,darkred
1079,-1.51338625578,0.187178086212,darkred
1080,-2.40484556259,-2.94899078063,darkred
1081,-1.51764871552,0.0912346402775,darkred
1082,-1.92328695819,-3.96871962521,darkred
1083,-3.04095792856,-2.61506533941,darkred
1084,-2.56471949815,-0.876925516231,darkred
1085,-2.55213941034,-1.34574452284,darkred
1086,-1.40919373706,-5.05706137342,darkred
1087,-2.9860503061,-1.9873208088,darkred
1088,-1.93618739811,-0.0927233541221,darkred
1089,-2.66115323396,-1.94416819176,darkred
1090,-1.5244703601,-4.56593259876,darkred
1091,-0.967226264071,0.43886801435,darkred
1092,-2.54666256696,-0.956858272571,darkred
1093,-0.614275810175,-5.46669823975,darkred
1094,-0.73949063695,-5.28908798722,darkred
1095,-0.80617516754,-4.96934747005,darkred
1096,-2.73353472612,-3.34494491415,darkred
1097,-0.850489967844,-0.107180038283,darkred
1098,-2.7857003386,-2.03204522081,darkred
1099,-1.94054927353,-0.237958659539,darkred
1100,-0.831880926672,0.244865506947,darkred
1101,-1.66203603507,-4.27315703788,darkred
1102,-2.54731749421,-1.89270922647,darkred
1103,-2.68017561351,-0.790848945961,darkred
1104,-0.723553342513,-5.21818659301,darkred
1105,-1.63193813322,-4.53068587665,darkred
1106,-1.23459782189,0.317131336966,darkred
1107,-1.58458383334,0.0816520703232,darkred
1108,-0.3400153429,0.472955600021,darkred
1109,-1.00107711087,0.338868277496,darkred
1110,-2.76548977951,-1.04251228056,darkred
1111,-0.600813536927,0.218276163812,darkred
1112,-2.87054310201,-1.48051160373,darkred
1113,-2.06964714939,-4.23204319141,darkred
1114,-2.438492839,-0.302402428559,darkred
1115,-2.39363208546,-1.89324653498,darkred
1116,-2.23953889496,-1.19890063454,darkred
1117,-1.09852775448,-5.10007822995,darkred
1118,-0.289791515245,0.0296916024186,darkred
1119,-1.7652646308,-3.89125444626,darkred
1120,-1.54813944565,0.0768815940789,darkred
1121,-1.87907172763,0.166937156412,darkred
1122,-1.38940042758,0.233042713051,darkred
1123,-1.17764249303,-5.10689909619,darkred
1124,-2.20647644074,-3.41936930892,darkred
1125,-0.595526652372,-5.51007457617,darkred
1126,-2.06917009999,-0.468051640698,darkred
1127,-0.675891945381,-5.44387787876,darkred
1128,-1.2217890449,0.282127253241,darkred
1129,-1.11463407473,0.502998402206,darkred
1130,-2.57142131332,-3.70575191126,darkred
1131,-2.80276689241,-1.47971105281,darkred
1132,-2.27429703709,-0.110601058076,darkred
1133,-0.408017441735,-5.27353500088,darkred
1134,-1.84632789093,-4.58624423948,darkred
1135,-1.27585993909,0.539894738764,darkred
1136,-0.792714146409,0.259779926983,darkred
1137,-0.620080946424,0.0481245498621,darkred
1138,-2.83674145027,-1.76150501141,darkred
1139,-1.30695688368,-5.10229552194,darkred
1140,-1.40919902811,0.520525847235,darkred
1141,-0.689487198412,0.167250924573,darkred
1142,-2.27646783895,-3.86742439614,darkred
1143,-2.42731766466,-3.71779603531,darkred
1144,-0.92168597164,0.255347409411,darkred
1145,-2.12272409408,0.292482843122,darkred
1146,-1.23110563067,-5.09523334074,darkred
1147,-1.85972263159,-4.3028418456,darkred
1148,-1.04657347744,-4.47608289052,darkred
1149,-1.45642017629,0.34972638337,darkred
1150,-1.44796039611,0.432309778563,darkred
1151,-1.93954565898,-3.52310867345,darkred
1152,-2.12675881761,-3.63608661409,darkred
1153,-2.014477558,-3.84238516818,darkred
1154,-2.1470726964,-4.49510294204,darkred
1155,-2.58171017728,-1.16643450932,darkred
1156,-2.24453427706,-3.16390549237,darkred
1157,-1.87297155333,-0.1499993228,darkred
1158,-0.634713371068,-5.41262687608,darkred
1159,-0.925403205217,-5.38868056334,darkred
1160,-2.40609034501,-3.67205191993,darkred
1161,-1.03238445746,-5.24720242486,darkred
1162,-2.71528171232,-1.34069598854,darkred
1163,-2.78778907914,-1.39015467458,darkred
1164,-2.76711094013,-1.8006410728,darkred
1165,-2.68074610734,-1.01370846716,darkred
1166,-0.678344901821,-5.0199419774,darkred
1167,-2.87237770989,-2.26681932894,darkred
1168,-2.0015598714,0.302546226145,darkred
1169,-2.36986862599,-2.75631550644,darkred
1170,-2.28982467318,-3.4583695372,darkred
1171,-2.69907712085,-2.46467068717,darkred
1172,-2.49495898767,-3.2650857011,darkred
1173,-1.01588479933,0.457055362291,darkred
1174,-1.87377055909,0.472881003262,darkred
1175,-2.13772877173,-3.61060737582,darkred
1176,-2.35135549866,-1.02045740332,darkred
1177,-2.77019784028,-1.43429918808,darkred
1178,-1.95985867309,0.127344946213,darkred
1179,-0.563960947532,-5.36056810378,darkred
1180,-1.77085172581,-0.0456700164942,darkred
1181,-1.14708756224,-0.104597858187,darkred
1182,-1.66175004158,-0.24533839924,darkred
1183,-2.35532539159,-1.30423384177,darkred
1184,-2.4569126092,-3.77520394554,darkred
1185,-2.82055192871,-2.41797362656,darkred
1186,-1.65773342885,0.0401296635388,darkred
1187,-2.13062607815,-0.368172464389,darkred
1188,-1.55696361432,0.0592408920911,darkred
1189,-1.954960085,0.225584022829,darkred
1190,-2.47814227421,-1.15854045663,darkred
1191,-2.76485425616,-0.833821866052,darkred
1192,-1.2503437563,0.423996368566,darkred
1193,-2.83201525202,-2.29058383408,darkred
1194,-2.93186548274,-2.0732823436,darkred
1195,-2.22816643192,-3.1741786158,darkred
1196,-1.18540766978,0.322732545295,darkred
1197,-1.36090959294,0.205788868471,darkred
1198,-0.896495987901,0.155523579267,darkred
1199,-2.49340996783,-3.06568056704,darkred
